ticker,instrument,name,sector,currency,created_date,last_updated_date
MMM,stock,3M,Industrial Conglomerates,USD,2024-07-10 17:26:07.399488,2024-07-10 17:26:07.399488
AOS,stock,A. O. Smith,Building Products,USD,2024-07-10 17:26:07.399488,2024-07-10 17:26:07.399488
ABT,stock,Abbott,Health Care Equipment,USD,2024-07-10 17:26:07.399488,2024-07-10 17:26:07.399488
ABBV,stock,AbbVie,Biotechnology,USD,2024-07-10 17:26:07.399488,2024-07-10 17:26:07.399488
ACN,stock,Accenture,IT Consulting & Other Services,USD,2024-07-10 17:26:07.399488,2024-07-10 17:26:07.399488
ADBE,stock,Adobe Inc.,Application Software,USD,2024-07-10 17:26:07.399488,2024-07-10 17:26:07.399488
AMD,stock,Advanced Micro Devices,Semiconductors,USD,2024-07-10 17:26:07.399488,2024-07-10 17:26:07.399488
AES,stock,AES Corporation,Independent Power Producers & Energy Traders,USD,2024-07-10 17:26:07.399488,2024-07-10 17:26:07.399488
AFL,stock,Aflac,Life & Health Insurance,USD,2024-07-10 17:26:07.399488,2024-07-10 17:26:07.399488
A,stock,Agilent Technologies,Life Sciences Tools & Services,USD,2024-07-10 17:26:07.399488,2024-07-10 17:26:07.399488
APD,stock,Air Products and Chemicals,Industrial Gases,USD,2024-07-10 17:26:07.399488,2024-07-10 17:26:07.399488
ABNB,stock,Airbnb,"Hotels, Resorts & Cruise Lines",USD,2024-07-10 17:26:07.399488,2024-07-10 17:26:07.399488
AKAM,stock,Akamai,Internet Services & Infrastructure,USD,2024-07-10 17:26:07.399488,2024-07-10 17:26:07.399488
ALB,stock,Albemarle Corporation,Specialty Chemicals,USD,2024-07-10 17:26:07.399488,2024-07-10 17:26:07.399488
ARE,stock,Alexandria Real Estate Equities,Office REITs,USD,2024-07-10 17:26:07.399488,2024-07-10 17:26:07.399488
ALGN,stock,Align Technology,Health Care Supplies,USD,2024-07-10 17:26:07.399488,2024-07-10 17:26:07.399488
ALLE,stock,Allegion,Building Products,USD,2024-07-10 17:26:07.399488,2024-07-10 17:26:07.399488
LNT,stock,Alliant Energy,Electric Utilities,USD,2024-07-10 17:26:07.399488,2024-07-10 17:26:07.399488
ALL,stock,Allstate,Property & Casualty Insurance,USD,2024-07-10 17:26:07.399488,2024-07-10 17:26:07.399488
GOOGL,stock,Alphabet Inc.,Interactive Media & Services,USD,2024-07-10 17:26:07.399488,2024-07-10 17:26:07.399488
GOOG,stock,Alphabet Inc.,Interactive Media & Services,USD,2024-07-10 17:26:07.399488,2024-07-10 17:26:07.399488
MO,stock,Altria,Tobacco,USD,2024-07-10 17:26:07.399488,2024-07-10 17:26:07.399488
AMZN,stock,Amazon,Broadline Retail,USD,2024-07-10 17:26:07.399488,2024-07-10 17:26:07.399488
AMCR,stock,Amcor,Paper & Plastic Packaging Products & Materials,USD,2024-07-10 17:26:07.399488,2024-07-10 17:26:07.399488
AEE,stock,Ameren,Multi-Utilities,USD,2024-07-10 17:26:07.399488,2024-07-10 17:26:07.399488
AAL,stock,American Airlines Group,Passenger Airlines,USD,2024-07-10 17:26:07.399488,2024-07-10 17:26:07.399488
AEP,stock,American Electric Power,Electric Utilities,USD,2024-07-10 17:26:07.399488,2024-07-10 17:26:07.399488
AXP,stock,American Express,Consumer Finance,USD,2024-07-10 17:26:07.399488,2024-07-10 17:26:07.399488
AIG,stock,American International Group,Multi-line Insurance,USD,2024-07-10 17:26:07.399488,2024-07-10 17:26:07.399488
AMT,stock,American Tower,Telecom Tower REITs,USD,2024-07-10 17:26:07.399488,2024-07-10 17:26:07.399488
AWK,stock,American Water Works,Water Utilities,USD,2024-07-10 17:26:07.399488,2024-07-10 17:26:07.399488
AMP,stock,Ameriprise Financial,Asset Management & Custody Banks,USD,2024-07-10 17:26:07.399488,2024-07-10 17:26:07.399488
AME,stock,Ametek,Electrical Components & Equipment,USD,2024-07-10 17:26:07.399488,2024-07-10 17:26:07.399488
AMGN,stock,Amgen,Biotechnology,USD,2024-07-10 17:26:07.399488,2024-07-10 17:26:07.399488
APH,stock,Amphenol,Electronic Components,USD,2024-07-10 17:26:07.399488,2024-07-10 17:26:07.399488
ADI,stock,Analog Devices,Semiconductors,USD,2024-07-10 17:26:07.399488,2024-07-10 17:26:07.399488
ANSS,stock,Ansys,Application Software,USD,2024-07-10 17:26:07.399488,2024-07-10 17:26:07.399488
AON,stock,Aon,Insurance Brokers,USD,2024-07-10 17:26:07.399488,2024-07-10 17:26:07.399488
APA,stock,APA Corporation,Oil & Gas Exploration & Production,USD,2024-07-10 17:26:07.399488,2024-07-10 17:26:07.399488
AAPL,stock,Apple Inc.,"Technology Hardware, Storage & Peripherals",USD,2024-07-10 17:26:07.399488,2024-07-10 17:26:07.399488
AMAT,stock,Applied Materials,Semiconductor Materials & Equipment,USD,2024-07-10 17:26:07.399488,2024-07-10 17:26:07.399488
APTV,stock,Aptiv,Automotive Parts & Equipment,USD,2024-07-10 17:26:07.399488,2024-07-10 17:26:07.399488
ACGL,stock,Arch Capital Group,Property & Casualty Insurance,USD,2024-07-10 17:26:07.399488,2024-07-10 17:26:07.399488
ADM,stock,Archer-Daniels-Midland,Agricultural Products & Services,USD,2024-07-10 17:26:07.399488,2024-07-10 17:26:07.399488
ANET,stock,Arista Networks,Communications Equipment,USD,2024-07-10 17:26:07.399488,2024-07-10 17:26:07.399488
AJG,stock,Arthur J. Gallagher & Co.,Insurance Brokers,USD,2024-07-10 17:26:07.399488,2024-07-10 17:26:07.399488
AIZ,stock,Assurant,Multi-line Insurance,USD,2024-07-10 17:26:07.399488,2024-07-10 17:26:07.399488
T,stock,AT&T,Integrated Telecommunication Services,USD,2024-07-10 17:26:07.399488,2024-07-10 17:26:07.399488
ATO,stock,Atmos Energy,Gas Utilities,USD,2024-07-10 17:26:07.399488,2024-07-10 17:26:07.399488
ADSK,stock,Autodesk,Application Software,USD,2024-07-10 17:26:07.399488,2024-07-10 17:26:07.399488
ADP,stock,Automatic Data Processing,Human Resource & Employment Services,USD,2024-07-10 17:26:07.399488,2024-07-10 17:26:07.399488
AZO,stock,AutoZone,Automotive Retail,USD,2024-07-10 17:26:07.399488,2024-07-10 17:26:07.399488
AVB,stock,AvalonBay Communities,Multi-Family Residential REITs,USD,2024-07-10 17:26:07.399488,2024-07-10 17:26:07.399488
AVY,stock,Avery Dennison,Paper & Plastic Packaging Products & Materials,USD,2024-07-10 17:26:07.399488,2024-07-10 17:26:07.399488
AXON,stock,Axon Enterprise,Aerospace & Defense,USD,2024-07-10 17:26:07.399488,2024-07-10 17:26:07.399488
BKR,stock,Baker Hughes,Oil & Gas Equipment & Services,USD,2024-07-10 17:26:07.399488,2024-07-10 17:26:07.399488
BALL,stock,Ball Corporation,"Metal, Glass & Plastic Containers",USD,2024-07-10 17:26:07.399488,2024-07-10 17:26:07.399488
BAC,stock,Bank of America,Diversified Banks,USD,2024-07-10 17:26:07.399488,2024-07-10 17:26:07.399488
BK,stock,Bank of New York Mellon,Asset Management & Custody Banks,USD,2024-07-10 17:26:07.399488,2024-07-10 17:26:07.399488
BBWI,stock,"Bath & Body Works, Inc.",Other Specialty Retail,USD,2024-07-10 17:26:07.399488,2024-07-10 17:26:07.399488
BAX,stock,Baxter International,Health Care Equipment,USD,2024-07-10 17:26:07.399488,2024-07-10 17:26:07.399488
BDX,stock,Becton Dickinson,Health Care Equipment,USD,2024-07-10 17:26:07.399488,2024-07-10 17:26:07.399488
BRK.B,stock,Berkshire Hathaway,Multi-Sector Holdings,USD,2024-07-10 17:26:07.399488,2024-07-10 17:26:07.399488
BBY,stock,Best Buy,Computer & Electronics Retail,USD,2024-07-10 17:26:07.399488,2024-07-10 17:26:07.399488
BIO,stock,Bio-Rad,Life Sciences Tools & Services,USD,2024-07-10 17:26:07.399488,2024-07-10 17:26:07.399488
TECH,stock,Bio-Techne,Life Sciences Tools & Services,USD,2024-07-10 17:26:07.399488,2024-07-10 17:26:07.399488
BIIB,stock,Biogen,Biotechnology,USD,2024-07-10 17:26:07.399488,2024-07-10 17:26:07.399488
BLK,stock,BlackRock,Asset Management & Custody Banks,USD,2024-07-10 17:26:07.399488,2024-07-10 17:26:07.399488
BX,stock,Blackstone,Asset Management & Custody Banks,USD,2024-07-10 17:26:07.399488,2024-07-10 17:26:07.399488
BA,stock,Boeing,Aerospace & Defense,USD,2024-07-10 17:26:07.399488,2024-07-10 17:26:07.399488
BKNG,stock,Booking Holdings,"Hotels, Resorts & Cruise Lines",USD,2024-07-10 17:26:07.399488,2024-07-10 17:26:07.399488
BWA,stock,BorgWarner,Automotive Parts & Equipment,USD,2024-07-10 17:26:07.399488,2024-07-10 17:26:07.399488
BSX,stock,Boston Scientific,Health Care Equipment,USD,2024-07-10 17:26:07.399488,2024-07-10 17:26:07.399488
BMY,stock,Bristol Myers Squibb,Pharmaceuticals,USD,2024-07-10 17:26:07.399488,2024-07-10 17:26:07.399488
AVGO,stock,Broadcom Inc.,Semiconductors,USD,2024-07-10 17:26:07.399488,2024-07-10 17:26:07.399488
BR,stock,Broadridge Financial Solutions,Data Processing & Outsourced Services,USD,2024-07-10 17:26:07.399488,2024-07-10 17:26:07.399488
BRO,stock,Brown & Brown,Insurance Brokers,USD,2024-07-10 17:26:07.399488,2024-07-10 17:26:07.399488
BF.B,stock,Brown–Forman,Distillers & Vintners,USD,2024-07-10 17:26:07.399488,2024-07-10 17:26:07.399488
BLDR,stock,Builders FirstSource,Building Products,USD,2024-07-10 17:26:07.399488,2024-07-10 17:26:07.399488
BG,stock,Bunge Global SA,Agricultural Products & Services,USD,2024-07-10 17:26:07.399488,2024-07-10 17:26:07.399488
BXP,stock,"BXP, Inc.",Office REITs,USD,2024-07-10 17:26:07.399488,2024-07-10 17:26:07.399488
CDNS,stock,Cadence Design Systems,Application Software,USD,2024-07-10 17:26:07.399488,2024-07-10 17:26:07.399488
CZR,stock,Caesars Entertainment,Casinos & Gaming,USD,2024-07-10 17:26:07.399488,2024-07-10 17:26:07.399488
CPT,stock,Camden Property Trust,Multi-Family Residential REITs,USD,2024-07-10 17:26:07.399488,2024-07-10 17:26:07.399488
CPB,stock,Campbell Soup Company,Packaged Foods & Meats,USD,2024-07-10 17:26:07.399488,2024-07-10 17:26:07.399488
COF,stock,Capital One,Consumer Finance,USD,2024-07-10 17:26:07.399488,2024-07-10 17:26:07.399488
CAH,stock,Cardinal Health,Health Care Distributors,USD,2024-07-10 17:26:07.399488,2024-07-10 17:26:07.399488
KMX,stock,CarMax,Automotive Retail,USD,2024-07-10 17:26:07.399488,2024-07-10 17:26:07.399488
CCL,stock,Carnival,"Hotels, Resorts & Cruise Lines",USD,2024-07-10 17:26:07.399488,2024-07-10 17:26:07.399488
CARR,stock,Carrier Global,Building Products,USD,2024-07-10 17:26:07.399488,2024-07-10 17:26:07.399488
CTLT,stock,Catalent,Pharmaceuticals,USD,2024-07-10 17:26:07.399488,2024-07-10 17:26:07.399488
CAT,stock,Caterpillar Inc.,Construction Machinery & Heavy Transportation Equipment,USD,2024-07-10 17:26:07.399488,2024-07-10 17:26:07.399488
CBOE,stock,Cboe Global Markets,Financial Exchanges & Data,USD,2024-07-10 17:26:07.399488,2024-07-10 17:26:07.399488
CBRE,stock,CBRE Group,Real Estate Services,USD,2024-07-10 17:26:07.399488,2024-07-10 17:26:07.399488
CDW,stock,CDW,Technology Distributors,USD,2024-07-10 17:26:07.399488,2024-07-10 17:26:07.399488
CE,stock,Celanese,Specialty Chemicals,USD,2024-07-10 17:26:07.399488,2024-07-10 17:26:07.399488
COR,stock,Cencora,Health Care Distributors,USD,2024-07-10 17:26:07.399488,2024-07-10 17:26:07.399488
CNC,stock,Centene Corporation,Managed Health Care,USD,2024-07-10 17:26:07.399488,2024-07-10 17:26:07.399488
CNP,stock,CenterPoint Energy,Multi-Utilities,USD,2024-07-10 17:26:07.399488,2024-07-10 17:26:07.399488
CF,stock,CF Industries,Fertilizers & Agricultural Chemicals,USD,2024-07-10 17:26:07.399488,2024-07-10 17:26:07.399488
CHRW,stock,CH Robinson,Air Freight & Logistics,USD,2024-07-10 17:26:07.399488,2024-07-10 17:26:07.399488
CRL,stock,Charles River Laboratories,Life Sciences Tools & Services,USD,2024-07-10 17:26:07.399488,2024-07-10 17:26:07.399488
SCHW,stock,Charles Schwab Corporation,Investment Banking & Brokerage,USD,2024-07-10 17:26:07.399488,2024-07-10 17:26:07.399488
CHTR,stock,Charter Communications,Cable & Satellite,USD,2024-07-10 17:26:07.399488,2024-07-10 17:26:07.399488
CVX,stock,Chevron Corporation,Integrated Oil & Gas,USD,2024-07-10 17:26:07.399488,2024-07-10 17:26:07.399488
CMG,stock,Chipotle Mexican Grill,Restaurants,USD,2024-07-10 17:26:07.399488,2024-07-10 17:26:07.399488
CB,stock,Chubb Limited,Property & Casualty Insurance,USD,2024-07-10 17:26:07.399488,2024-07-10 17:26:07.399488
CHD,stock,Church & Dwight,Household Products,USD,2024-07-10 17:26:07.399488,2024-07-10 17:26:07.399488
CI,stock,Cigna,Health Care Services,USD,2024-07-10 17:26:07.399488,2024-07-10 17:26:07.399488
CINF,stock,Cincinnati Financial,Property & Casualty Insurance,USD,2024-07-10 17:26:07.399488,2024-07-10 17:26:07.399488
CTAS,stock,Cintas,Diversified Support Services,USD,2024-07-10 17:26:07.399488,2024-07-10 17:26:07.399488
CSCO,stock,Cisco,Communications Equipment,USD,2024-07-10 17:26:07.399488,2024-07-10 17:26:07.399488
C,stock,Citigroup,Diversified Banks,USD,2024-07-10 17:26:07.399488,2024-07-10 17:26:07.399488
CFG,stock,Citizens Financial Group,Regional Banks,USD,2024-07-10 17:26:07.399488,2024-07-10 17:26:07.399488
CLX,stock,Clorox,Household Products,USD,2024-07-10 17:26:07.399488,2024-07-10 17:26:07.399488
CME,stock,CME Group,Financial Exchanges & Data,USD,2024-07-10 17:26:07.399488,2024-07-10 17:26:07.399488
CMS,stock,CMS Energy,Multi-Utilities,USD,2024-07-10 17:26:07.399488,2024-07-10 17:26:07.399488
KO,stock,Coca-Cola Company (The),Soft Drinks & Non-alcoholic Beverages,USD,2024-07-10 17:26:07.399488,2024-07-10 17:26:07.399488
CTSH,stock,Cognizant,IT Consulting & Other Services,USD,2024-07-10 17:26:07.399488,2024-07-10 17:26:07.399488
CL,stock,Colgate-Palmolive,Household Products,USD,2024-07-10 17:26:07.399488,2024-07-10 17:26:07.399488
CMCSA,stock,Comcast,Cable & Satellite,USD,2024-07-10 17:26:07.399488,2024-07-10 17:26:07.399488
CAG,stock,Conagra Brands,Packaged Foods & Meats,USD,2024-07-10 17:26:07.399488,2024-07-10 17:26:07.399488
COP,stock,ConocoPhillips,Oil & Gas Exploration & Production,USD,2024-07-10 17:26:07.399488,2024-07-10 17:26:07.399488
ED,stock,Consolidated Edison,Multi-Utilities,USD,2024-07-10 17:26:07.399488,2024-07-10 17:26:07.399488
STZ,stock,Constellation Brands,Distillers & Vintners,USD,2024-07-10 17:26:07.399488,2024-07-10 17:26:07.399488
CEG,stock,Constellation Energy,Electric Utilities,USD,2024-07-10 17:26:07.399488,2024-07-10 17:26:07.399488
COO,stock,CooperCompanies,Health Care Supplies,USD,2024-07-10 17:26:07.399488,2024-07-10 17:26:07.399488
CPRT,stock,Copart,Diversified Support Services,USD,2024-07-10 17:26:07.399488,2024-07-10 17:26:07.399488
GLW,stock,Corning Inc.,Electronic Components,USD,2024-07-10 17:26:07.399488,2024-07-10 17:26:07.399488
CPAY,stock,Corpay,Transaction & Payment Processing Services,USD,2024-07-10 17:26:07.399488,2024-07-10 17:26:07.399488
CTVA,stock,Corteva,Fertilizers & Agricultural Chemicals,USD,2024-07-10 17:26:07.399488,2024-07-10 17:26:07.399488
CSGP,stock,CoStar Group,Real Estate Services,USD,2024-07-10 17:26:07.399488,2024-07-10 17:26:07.399488
COST,stock,Costco,Consumer Staples Merchandise Retail,USD,2024-07-10 17:26:07.399488,2024-07-10 17:26:07.399488
CTRA,stock,Coterra,Oil & Gas Exploration & Production,USD,2024-07-10 17:26:07.399488,2024-07-10 17:26:07.399488
CRWD,stock,CrowdStrike,Systems Software,USD,2024-07-10 17:26:07.399488,2024-07-10 17:26:07.399488
CCI,stock,Crown Castle,Telecom Tower REITs,USD,2024-07-10 17:26:07.399488,2024-07-10 17:26:07.399488
CSX,stock,CSX,Rail Transportation,USD,2024-07-10 17:26:07.399488,2024-07-10 17:26:07.399488
CMI,stock,Cummins,Construction Machinery & Heavy Transportation Equipment,USD,2024-07-10 17:26:07.399488,2024-07-10 17:26:07.399488
CVS,stock,CVS Health,Health Care Services,USD,2024-07-10 17:26:07.399488,2024-07-10 17:26:07.399488
DHR,stock,Danaher Corporation,Life Sciences Tools & Services,USD,2024-07-10 17:26:07.399488,2024-07-10 17:26:07.399488
DRI,stock,Darden Restaurants,Restaurants,USD,2024-07-10 17:26:07.399488,2024-07-10 17:26:07.399488
DVA,stock,DaVita Inc.,Health Care Services,USD,2024-07-10 17:26:07.399488,2024-07-10 17:26:07.399488
DAY,stock,Dayforce,Human Resource & Employment Services,USD,2024-07-10 17:26:07.399488,2024-07-10 17:26:07.399488
DECK,stock,Deckers Brands,Footwear,USD,2024-07-10 17:26:07.399488,2024-07-10 17:26:07.399488
DE,stock,John Deere,Agricultural & Farm Machinery,USD,2024-07-10 17:26:07.399488,2024-07-10 17:26:07.399488
DAL,stock,Delta Air Lines,Passenger Airlines,USD,2024-07-10 17:26:07.399488,2024-07-10 17:26:07.399488
DVN,stock,Devon Energy,Oil & Gas Exploration & Production,USD,2024-07-10 17:26:07.399488,2024-07-10 17:26:07.399488
DXCM,stock,Dexcom,Health Care Equipment,USD,2024-07-10 17:26:07.399488,2024-07-10 17:26:07.399488
FANG,stock,Diamondback Energy,Oil & Gas Exploration & Production,USD,2024-07-10 17:26:07.399488,2024-07-10 17:26:07.399488
DLR,stock,Digital Realty,Data Center REITs,USD,2024-07-10 17:26:07.399488,2024-07-10 17:26:07.399488
DFS,stock,Discover Financial,Consumer Finance,USD,2024-07-10 17:26:07.399488,2024-07-10 17:26:07.399488
DG,stock,Dollar General,Consumer Staples Merchandise Retail,USD,2024-07-10 17:26:07.399488,2024-07-10 17:26:07.399488
DLTR,stock,Dollar Tree,Consumer Staples Merchandise Retail,USD,2024-07-10 17:26:07.399488,2024-07-10 17:26:07.399488
D,stock,Dominion Energy,Multi-Utilities,USD,2024-07-10 17:26:07.399488,2024-07-10 17:26:07.399488
DPZ,stock,Domino's,Restaurants,USD,2024-07-10 17:26:07.399488,2024-07-10 17:26:07.399488
DOV,stock,Dover Corporation,Industrial Machinery & Supplies & Components,USD,2024-07-10 17:26:07.399488,2024-07-10 17:26:07.399488
DOW,stock,Dow Inc.,Commodity Chemicals,USD,2024-07-10 17:26:07.399488,2024-07-10 17:26:07.399488
DHI,stock,DR Horton,Homebuilding,USD,2024-07-10 17:26:07.399488,2024-07-10 17:26:07.399488
DTE,stock,DTE Energy,Multi-Utilities,USD,2024-07-10 17:26:07.399488,2024-07-10 17:26:07.399488
DUK,stock,Duke Energy,Electric Utilities,USD,2024-07-10 17:26:07.399488,2024-07-10 17:26:07.399488
DD,stock,DuPont,Specialty Chemicals,USD,2024-07-10 17:26:07.399488,2024-07-10 17:26:07.399488
EMN,stock,Eastman Chemical Company,Specialty Chemicals,USD,2024-07-10 17:26:07.399488,2024-07-10 17:26:07.399488
ETN,stock,Eaton Corporation,Electrical Components & Equipment,USD,2024-07-10 17:26:07.399488,2024-07-10 17:26:07.399488
EBAY,stock,eBay,Broadline Retail,USD,2024-07-10 17:26:07.399488,2024-07-10 17:26:07.399488
ECL,stock,Ecolab,Specialty Chemicals,USD,2024-07-10 17:26:07.399488,2024-07-10 17:26:07.399488
EIX,stock,Edison International,Electric Utilities,USD,2024-07-10 17:26:07.399488,2024-07-10 17:26:07.399488
EW,stock,Edwards Lifesciences,Health Care Equipment,USD,2024-07-10 17:26:07.399488,2024-07-10 17:26:07.399488
EA,stock,Electronic Arts,Interactive Home Entertainment,USD,2024-07-10 17:26:07.399488,2024-07-10 17:26:07.399488
ELV,stock,Elevance Health,Managed Health Care,USD,2024-07-10 17:26:07.399488,2024-07-10 17:26:07.399488
LLY,stock,Eli Lilly and Company,Pharmaceuticals,USD,2024-07-10 17:26:07.399488,2024-07-10 17:26:07.399488
EMR,stock,Emerson Electric,Electrical Components & Equipment,USD,2024-07-10 17:26:07.399488,2024-07-10 17:26:07.399488
ENPH,stock,Enphase,Semiconductor Materials & Equipment,USD,2024-07-10 17:26:07.399488,2024-07-10 17:26:07.399488
ETR,stock,Entergy,Electric Utilities,USD,2024-07-10 17:26:07.399488,2024-07-10 17:26:07.399488
EOG,stock,EOG Resources,Oil & Gas Exploration & Production,USD,2024-07-10 17:26:07.399488,2024-07-10 17:26:07.399488
EPAM,stock,EPAM Systems,IT Consulting & Other Services,USD,2024-07-10 17:26:07.399488,2024-07-10 17:26:07.399488
EQT,stock,EQT Corporation,Oil & Gas Exploration & Production,USD,2024-07-10 17:26:07.399488,2024-07-10 17:26:07.399488
EFX,stock,Equifax,Research & Consulting Services,USD,2024-07-10 17:26:07.399488,2024-07-10 17:26:07.399488
EQIX,stock,Equinix,Data Center REITs,USD,2024-07-10 17:26:07.399488,2024-07-10 17:26:07.399488
EQR,stock,Equity Residential,Multi-Family Residential REITs,USD,2024-07-10 17:26:07.399488,2024-07-10 17:26:07.399488
ESS,stock,Essex Property Trust,Multi-Family Residential REITs,USD,2024-07-10 17:26:07.399488,2024-07-10 17:26:07.399488
EL,stock,Estée Lauder Companies (The),Personal Care Products,USD,2024-07-10 17:26:07.399488,2024-07-10 17:26:07.399488
ETSY,stock,Etsy,Broadline Retail,USD,2024-07-10 17:26:07.399488,2024-07-10 17:26:07.399488
EG,stock,Everest Re,Reinsurance,USD,2024-07-10 17:26:07.399488,2024-07-10 17:26:07.399488
EVRG,stock,Evergy,Electric Utilities,USD,2024-07-10 17:26:07.399488,2024-07-10 17:26:07.399488
ES,stock,Eversource,Electric Utilities,USD,2024-07-10 17:26:07.399488,2024-07-10 17:26:07.399488
EXC,stock,Exelon,Electric Utilities,USD,2024-07-10 17:26:07.399488,2024-07-10 17:26:07.399488
EXPE,stock,Expedia Group,"Hotels, Resorts & Cruise Lines",USD,2024-07-10 17:26:07.399488,2024-07-10 17:26:07.399488
EXPD,stock,Expeditors International,Air Freight & Logistics,USD,2024-07-10 17:26:07.399488,2024-07-10 17:26:07.399488
EXR,stock,Extra Space Storage,Self-Storage REITs,USD,2024-07-10 17:26:07.399488,2024-07-10 17:26:07.399488
XOM,stock,ExxonMobil,Integrated Oil & Gas,USD,2024-07-10 17:26:07.399488,2024-07-10 17:26:07.399488
FFIV,stock,"F5, Inc.",Communications Equipment,USD,2024-07-10 17:26:07.399488,2024-07-10 17:26:07.399488
FDS,stock,FactSet,Financial Exchanges & Data,USD,2024-07-10 17:26:07.399488,2024-07-10 17:26:07.399488
FICO,stock,Fair Isaac,Application Software,USD,2024-07-10 17:26:07.399488,2024-07-10 17:26:07.399488
FAST,stock,Fastenal,Trading Companies & Distributors,USD,2024-07-10 17:26:07.399488,2024-07-10 17:26:07.399488
FRT,stock,Federal Realty,Retail REITs,USD,2024-07-10 17:26:07.399488,2024-07-10 17:26:07.399488
FDX,stock,FedEx,Air Freight & Logistics,USD,2024-07-10 17:26:07.399488,2024-07-10 17:26:07.399488
FIS,stock,Fidelity National Information Services,Transaction & Payment Processing Services,USD,2024-07-10 17:26:07.399488,2024-07-10 17:26:07.399488
FITB,stock,Fifth Third Bank,Diversified Banks,USD,2024-07-10 17:26:07.399488,2024-07-10 17:26:07.399488
FSLR,stock,First Solar,Semiconductors,USD,2024-07-10 17:26:07.399488,2024-07-10 17:26:07.399488
FE,stock,FirstEnergy,Electric Utilities,USD,2024-07-10 17:26:07.399488,2024-07-10 17:26:07.399488
FI,stock,Fiserv,Transaction & Payment Processing Services,USD,2024-07-10 17:26:07.399488,2024-07-10 17:26:07.399488
FMC,stock,FMC Corporation,Fertilizers & Agricultural Chemicals,USD,2024-07-10 17:26:07.399488,2024-07-10 17:26:07.399488
F,stock,Ford Motor Company,Automobile Manufacturers,USD,2024-07-10 17:26:07.399488,2024-07-10 17:26:07.399488
FTNT,stock,Fortinet,Systems Software,USD,2024-07-10 17:26:07.399488,2024-07-10 17:26:07.399488
FTV,stock,Fortive,Industrial Machinery & Supplies & Components,USD,2024-07-10 17:26:07.399488,2024-07-10 17:26:07.399488
FOXA,stock,Fox Corporation,Broadcasting,USD,2024-07-10 17:26:07.399488,2024-07-10 17:26:07.399488
FOX,stock,Fox Corporation,Broadcasting,USD,2024-07-10 17:26:07.399488,2024-07-10 17:26:07.399488
BEN,stock,Franklin Templeton,Asset Management & Custody Banks,USD,2024-07-10 17:26:07.399488,2024-07-10 17:26:07.399488
FCX,stock,Freeport-McMoRan,Copper,USD,2024-07-10 17:26:07.399488,2024-07-10 17:26:07.399488
GRMN,stock,Garmin,Consumer Electronics,USD,2024-07-10 17:26:07.399488,2024-07-10 17:26:07.399488
IT,stock,Gartner,IT Consulting & Other Services,USD,2024-07-10 17:26:07.399488,2024-07-10 17:26:07.399488
GE,stock,GE Aerospace,Aerospace & Defense,USD,2024-07-10 17:26:07.399488,2024-07-10 17:26:07.399488
GEHC,stock,GE HealthCare,Health Care Equipment,USD,2024-07-10 17:26:07.399488,2024-07-10 17:26:07.399488
GEV,stock,GE Vernova,Heavy Electrical Equipment,USD,2024-07-10 17:26:07.399488,2024-07-10 17:26:07.399488
GEN,stock,Gen Digital,Systems Software,USD,2024-07-10 17:26:07.399488,2024-07-10 17:26:07.399488
GNRC,stock,Generac,Electrical Components & Equipment,USD,2024-07-10 17:26:07.399488,2024-07-10 17:26:07.399488
GD,stock,General Dynamics,Aerospace & Defense,USD,2024-07-10 17:26:07.399488,2024-07-10 17:26:07.399488
GIS,stock,General Mills,Packaged Foods & Meats,USD,2024-07-10 17:26:07.399488,2024-07-10 17:26:07.399488
GM,stock,General Motors,Automobile Manufacturers,USD,2024-07-10 17:26:07.399488,2024-07-10 17:26:07.399488
GPC,stock,Genuine Parts Company,Distributors,USD,2024-07-10 17:26:07.399488,2024-07-10 17:26:07.399488
GILD,stock,Gilead Sciences,Biotechnology,USD,2024-07-10 17:26:07.399488,2024-07-10 17:26:07.399488
GPN,stock,Global Payments,Transaction & Payment Processing Services,USD,2024-07-10 17:26:07.399488,2024-07-10 17:26:07.399488
GL,stock,Globe Life,Life & Health Insurance,USD,2024-07-10 17:26:07.399488,2024-07-10 17:26:07.399488
GDDY,stock,GoDaddy,Internet Services & Infrastructure,USD,2024-07-10 17:26:07.399488,2024-07-10 17:26:07.399488
GS,stock,Goldman Sachs,Investment Banking & Brokerage,USD,2024-07-10 17:26:07.399488,2024-07-10 17:26:07.399488
HAL,stock,Halliburton,Oil & Gas Equipment & Services,USD,2024-07-10 17:26:07.399488,2024-07-10 17:26:07.399488
HIG,stock,Hartford (The),Property & Casualty Insurance,USD,2024-07-10 17:26:07.399488,2024-07-10 17:26:07.399488
HAS,stock,Hasbro,Leisure Products,USD,2024-07-10 17:26:07.399488,2024-07-10 17:26:07.399488
HCA,stock,HCA Healthcare,Health Care Facilities,USD,2024-07-10 17:26:07.399488,2024-07-10 17:26:07.399488
DOC,stock,Healthpeak,Health Care REITs,USD,2024-07-10 17:26:07.399488,2024-07-10 17:26:07.399488
HSIC,stock,Henry Schein,Health Care Distributors,USD,2024-07-10 17:26:07.399488,2024-07-10 17:26:07.399488
HSY,stock,Hershey's,Packaged Foods & Meats,USD,2024-07-10 17:26:07.399488,2024-07-10 17:26:07.399488
HES,stock,Hess Corporation,Integrated Oil & Gas,USD,2024-07-10 17:26:07.399488,2024-07-10 17:26:07.399488
HPE,stock,Hewlett Packard Enterprise,"Technology Hardware, Storage & Peripherals",USD,2024-07-10 17:26:07.399488,2024-07-10 17:26:07.399488
HLT,stock,Hilton Worldwide,"Hotels, Resorts & Cruise Lines",USD,2024-07-10 17:26:07.399488,2024-07-10 17:26:07.399488
HOLX,stock,Hologic,Health Care Equipment,USD,2024-07-10 17:26:07.399488,2024-07-10 17:26:07.399488
HD,stock,Home Depot (The),Home Improvement Retail,USD,2024-07-10 17:26:07.399488,2024-07-10 17:26:07.399488
HON,stock,Honeywell,Industrial Conglomerates,USD,2024-07-10 17:26:07.399488,2024-07-10 17:26:07.399488
HRL,stock,Hormel Foods,Packaged Foods & Meats,USD,2024-07-10 17:26:07.399488,2024-07-10 17:26:07.399488
HST,stock,Host Hotels & Resorts,Hotel & Resort REITs,USD,2024-07-10 17:26:07.399488,2024-07-10 17:26:07.399488
HWM,stock,Howmet Aerospace,Aerospace & Defense,USD,2024-07-10 17:26:07.399488,2024-07-10 17:26:07.399488
HPQ,stock,HP Inc.,"Technology Hardware, Storage & Peripherals",USD,2024-07-10 17:26:07.399488,2024-07-10 17:26:07.399488
HUBB,stock,Hubbell Incorporated,Industrial Machinery & Supplies & Components,USD,2024-07-10 17:26:07.399488,2024-07-10 17:26:07.399488
HUM,stock,Humana,Managed Health Care,USD,2024-07-10 17:26:07.399488,2024-07-10 17:26:07.399488
HBAN,stock,Huntington Bancshares,Regional Banks,USD,2024-07-10 17:26:07.399488,2024-07-10 17:26:07.399488
HII,stock,Huntington Ingalls Industries,Aerospace & Defense,USD,2024-07-10 17:26:07.399488,2024-07-10 17:26:07.399488
IBM,stock,IBM,IT Consulting & Other Services,USD,2024-07-10 17:26:07.399488,2024-07-10 17:26:07.399488
IEX,stock,IDEX Corporation,Industrial Machinery & Supplies & Components,USD,2024-07-10 17:26:07.399488,2024-07-10 17:26:07.399488
IDXX,stock,Idexx Laboratories,Health Care Equipment,USD,2024-07-10 17:26:07.399488,2024-07-10 17:26:07.399488
ITW,stock,Illinois Tool Works,Industrial Machinery & Supplies & Components,USD,2024-07-10 17:26:07.399488,2024-07-10 17:26:07.399488
INCY,stock,Incyte,Biotechnology,USD,2024-07-10 17:26:07.399488,2024-07-10 17:26:07.399488
IR,stock,Ingersoll Rand,Industrial Machinery & Supplies & Components,USD,2024-07-10 17:26:07.399488,2024-07-10 17:26:07.399488
PODD,stock,Insulet Corporation,Health Care Equipment,USD,2024-07-10 17:26:07.399488,2024-07-10 17:26:07.399488
INTC,stock,Intel,Semiconductors,USD,2024-07-10 17:26:07.399488,2024-07-10 17:26:07.399488
ICE,stock,Intercontinental Exchange,Financial Exchanges & Data,USD,2024-07-10 17:26:07.399488,2024-07-10 17:26:07.399488
IFF,stock,International Flavors & Fragrances,Specialty Chemicals,USD,2024-07-10 17:26:07.399488,2024-07-10 17:26:07.399488
IP,stock,International Paper,Paper & Plastic Packaging Products & Materials,USD,2024-07-10 17:26:07.399488,2024-07-10 17:26:07.399488
IPG,stock,Interpublic Group of Companies (The),Advertising,USD,2024-07-10 17:26:07.399488,2024-07-10 17:26:07.399488
INTU,stock,Intuit,Application Software,USD,2024-07-10 17:26:07.399488,2024-07-10 17:26:07.399488
ISRG,stock,Intuitive Surgical,Health Care Equipment,USD,2024-07-10 17:26:07.399488,2024-07-10 17:26:07.399488
IVZ,stock,Invesco,Asset Management & Custody Banks,USD,2024-07-10 17:26:07.399488,2024-07-10 17:26:07.399488
INVH,stock,Invitation Homes,Single-Family Residential REITs,USD,2024-07-10 17:26:07.399488,2024-07-10 17:26:07.399488
IQV,stock,IQVIA,Life Sciences Tools & Services,USD,2024-07-10 17:26:07.399488,2024-07-10 17:26:07.399488
IRM,stock,Iron Mountain,Other Specialized REITs,USD,2024-07-10 17:26:07.399488,2024-07-10 17:26:07.399488
JBHT,stock,J.B. Hunt,Cargo Ground Transportation,USD,2024-07-10 17:26:07.399488,2024-07-10 17:26:07.399488
JBL,stock,Jabil,Electronic Manufacturing Services,USD,2024-07-10 17:26:07.399488,2024-07-10 17:26:07.399488
JKHY,stock,Jack Henry & Associates,Transaction & Payment Processing Services,USD,2024-07-10 17:26:07.399488,2024-07-10 17:26:07.399488
J,stock,Jacobs Solutions,Construction & Engineering,USD,2024-07-10 17:26:07.399488,2024-07-10 17:26:07.399488
JNJ,stock,Johnson & Johnson,Pharmaceuticals,USD,2024-07-10 17:26:07.399488,2024-07-10 17:26:07.399488
JCI,stock,Johnson Controls,Building Products,USD,2024-07-10 17:26:07.399488,2024-07-10 17:26:07.399488
JPM,stock,JPMorgan Chase,Diversified Banks,USD,2024-07-10 17:26:07.399488,2024-07-10 17:26:07.399488
JNPR,stock,Juniper Networks,Communications Equipment,USD,2024-07-10 17:26:07.399488,2024-07-10 17:26:07.399488
K,stock,Kellanova,Packaged Foods & Meats,USD,2024-07-10 17:26:07.399488,2024-07-10 17:26:07.399488
KVUE,stock,Kenvue,Personal Care Products,USD,2024-07-10 17:26:07.399488,2024-07-10 17:26:07.399488
KDP,stock,Keurig Dr Pepper,Soft Drinks & Non-alcoholic Beverages,USD,2024-07-10 17:26:07.399488,2024-07-10 17:26:07.399488
KEY,stock,KeyCorp,Regional Banks,USD,2024-07-10 17:26:07.399488,2024-07-10 17:26:07.399488
KEYS,stock,Keysight,Electronic Equipment & Instruments,USD,2024-07-10 17:26:07.399488,2024-07-10 17:26:07.399488
KMB,stock,Kimberly-Clark,Household Products,USD,2024-07-10 17:26:07.399488,2024-07-10 17:26:07.399488
KIM,stock,Kimco Realty,Retail REITs,USD,2024-07-10 17:26:07.399488,2024-07-10 17:26:07.399488
KMI,stock,Kinder Morgan,Oil & Gas Storage & Transportation,USD,2024-07-10 17:26:07.399488,2024-07-10 17:26:07.399488
KKR,stock,KKR,Asset Management & Custody Banks,USD,2024-07-10 17:26:07.399488,2024-07-10 17:26:07.399488
KLAC,stock,KLA Corporation,Semiconductor Materials & Equipment,USD,2024-07-10 17:26:07.399488,2024-07-10 17:26:07.399488
KHC,stock,Kraft Heinz,Packaged Foods & Meats,USD,2024-07-10 17:26:07.399488,2024-07-10 17:26:07.399488
KR,stock,Kroger,Food Retail,USD,2024-07-10 17:26:07.399488,2024-07-10 17:26:07.399488
LHX,stock,L3Harris,Aerospace & Defense,USD,2024-07-10 17:26:07.399488,2024-07-10 17:26:07.399488
LH,stock,LabCorp,Health Care Services,USD,2024-07-10 17:26:07.399488,2024-07-10 17:26:07.399488
LRCX,stock,Lam Research,Semiconductor Materials & Equipment,USD,2024-07-10 17:26:07.399488,2024-07-10 17:26:07.399488
LW,stock,Lamb Weston,Packaged Foods & Meats,USD,2024-07-10 17:26:07.399488,2024-07-10 17:26:07.399488
LVS,stock,Las Vegas Sands,Casinos & Gaming,USD,2024-07-10 17:26:07.399488,2024-07-10 17:26:07.399488
LDOS,stock,Leidos,Diversified Support Services,USD,2024-07-10 17:26:07.399488,2024-07-10 17:26:07.399488
LEN,stock,Lennar,Homebuilding,USD,2024-07-10 17:26:07.399488,2024-07-10 17:26:07.399488
LIN,stock,Linde plc,Industrial Gases,USD,2024-07-10 17:26:07.399488,2024-07-10 17:26:07.399488
LYV,stock,Live Nation Entertainment,Movies & Entertainment,USD,2024-07-10 17:26:07.399488,2024-07-10 17:26:07.399488
LKQ,stock,LKQ Corporation,Distributors,USD,2024-07-10 17:26:07.399488,2024-07-10 17:26:07.399488
LMT,stock,Lockheed Martin,Aerospace & Defense,USD,2024-07-10 17:26:07.399488,2024-07-10 17:26:07.399488
L,stock,Loews Corporation,Multi-line Insurance,USD,2024-07-10 17:26:07.399488,2024-07-10 17:26:07.399488
LOW,stock,Lowe's,Home Improvement Retail,USD,2024-07-10 17:26:07.399488,2024-07-10 17:26:07.399488
LULU,stock,Lululemon Athletica,"Apparel, Accessories & Luxury Goods",USD,2024-07-10 17:26:07.399488,2024-07-10 17:26:07.399488
LYB,stock,LyondellBasell,Specialty Chemicals,USD,2024-07-10 17:26:07.399488,2024-07-10 17:26:07.399488
MTB,stock,M&T Bank,Regional Banks,USD,2024-07-10 17:26:07.399488,2024-07-10 17:26:07.399488
MRO,stock,Marathon Oil,Oil & Gas Exploration & Production,USD,2024-07-10 17:26:07.399488,2024-07-10 17:26:07.399488
MPC,stock,Marathon Petroleum,Oil & Gas Refining & Marketing,USD,2024-07-10 17:26:07.399488,2024-07-10 17:26:07.399488
MKTX,stock,MarketAxess,Financial Exchanges & Data,USD,2024-07-10 17:26:07.399488,2024-07-10 17:26:07.399488
MAR,stock,Marriott International,"Hotels, Resorts & Cruise Lines",USD,2024-07-10 17:26:07.399488,2024-07-10 17:26:07.399488
MMC,stock,Marsh McLennan,Insurance Brokers,USD,2024-07-10 17:26:07.399488,2024-07-10 17:26:07.399488
MLM,stock,Martin Marietta Materials,Construction Materials,USD,2024-07-10 17:26:07.399488,2024-07-10 17:26:07.399488
MAS,stock,Masco,Building Products,USD,2024-07-10 17:26:07.399488,2024-07-10 17:26:07.399488
MA,stock,Mastercard,Transaction & Payment Processing Services,USD,2024-07-10 17:26:07.399488,2024-07-10 17:26:07.399488
MTCH,stock,Match Group,Interactive Media & Services,USD,2024-07-10 17:26:07.399488,2024-07-10 17:26:07.399488
MKC,stock,McCormick & Company,Packaged Foods & Meats,USD,2024-07-10 17:26:07.399488,2024-07-10 17:26:07.399488
MCD,stock,McDonald's,Restaurants,USD,2024-07-10 17:26:07.399488,2024-07-10 17:26:07.399488
MCK,stock,McKesson Corporation,Health Care Distributors,USD,2024-07-10 17:26:07.399488,2024-07-10 17:26:07.399488
MDT,stock,Medtronic,Health Care Equipment,USD,2024-07-10 17:26:07.399488,2024-07-10 17:26:07.399488
MRK,stock,Merck & Co.,Pharmaceuticals,USD,2024-07-10 17:26:07.399488,2024-07-10 17:26:07.399488
META,stock,Meta Platforms,Interactive Media & Services,USD,2024-07-10 17:26:07.399488,2024-07-10 17:26:07.399488
MET,stock,MetLife,Life & Health Insurance,USD,2024-07-10 17:26:07.399488,2024-07-10 17:26:07.399488
MTD,stock,Mettler Toledo,Life Sciences Tools & Services,USD,2024-07-10 17:26:07.399488,2024-07-10 17:26:07.399488
MGM,stock,MGM Resorts,Casinos & Gaming,USD,2024-07-10 17:26:07.399488,2024-07-10 17:26:07.399488
MCHP,stock,Microchip Technology,Semiconductors,USD,2024-07-10 17:26:07.399488,2024-07-10 17:26:07.399488
MU,stock,Micron Technology,Semiconductors,USD,2024-07-10 17:26:07.399488,2024-07-10 17:26:07.399488
MSFT,stock,Microsoft,Systems Software,USD,2024-07-10 17:26:07.399488,2024-07-10 17:26:07.399488
MAA,stock,Mid-America Apartment Communities,Multi-Family Residential REITs,USD,2024-07-10 17:26:07.399488,2024-07-10 17:26:07.399488
MRNA,stock,Moderna,Biotechnology,USD,2024-07-10 17:26:07.399488,2024-07-10 17:26:07.399488
MHK,stock,Mohawk Industries,Home Furnishings,USD,2024-07-10 17:26:07.399488,2024-07-10 17:26:07.399488
MOH,stock,Molina Healthcare,Managed Health Care,USD,2024-07-10 17:26:07.399488,2024-07-10 17:26:07.399488
TAP,stock,Molson Coors Beverage Company,Brewers,USD,2024-07-10 17:26:07.399488,2024-07-10 17:26:07.399488
MDLZ,stock,Mondelez International,Packaged Foods & Meats,USD,2024-07-10 17:26:07.399488,2024-07-10 17:26:07.399488
MPWR,stock,Monolithic Power Systems,Semiconductors,USD,2024-07-10 17:26:07.399488,2024-07-10 17:26:07.399488
MNST,stock,Monster Beverage,Soft Drinks & Non-alcoholic Beverages,USD,2024-07-10 17:26:07.399488,2024-07-10 17:26:07.399488
MCO,stock,Moody's Corporation,Financial Exchanges & Data,USD,2024-07-10 17:26:07.399488,2024-07-10 17:26:07.399488
MS,stock,Morgan Stanley,Investment Banking & Brokerage,USD,2024-07-10 17:26:07.399488,2024-07-10 17:26:07.399488
MOS,stock,Mosaic Company (The),Fertilizers & Agricultural Chemicals,USD,2024-07-10 17:26:07.399488,2024-07-10 17:26:07.399488
MSI,stock,Motorola Solutions,Communications Equipment,USD,2024-07-10 17:26:07.399488,2024-07-10 17:26:07.399488
MSCI,stock,MSCI,Financial Exchanges & Data,USD,2024-07-10 17:26:07.399488,2024-07-10 17:26:07.399488
NDAQ,stock,"Nasdaq, Inc.",Financial Exchanges & Data,USD,2024-07-10 17:26:07.399488,2024-07-10 17:26:07.399488
NTAP,stock,NetApp,"Technology Hardware, Storage & Peripherals",USD,2024-07-10 17:26:07.399488,2024-07-10 17:26:07.399488
NFLX,stock,Netflix,Movies & Entertainment,USD,2024-07-10 17:26:07.399488,2024-07-10 17:26:07.399488
NEM,stock,Newmont,Gold,USD,2024-07-10 17:26:07.399488,2024-07-10 17:26:07.399488
NWSA,stock,News Corp,Publishing,USD,2024-07-10 17:26:07.399488,2024-07-10 17:26:07.399488
NWS,stock,News Corp,Publishing,USD,2024-07-10 17:26:07.399488,2024-07-10 17:26:07.399488
NEE,stock,NextEra Energy,Multi-Utilities,USD,2024-07-10 17:26:07.399488,2024-07-10 17:26:07.399488
NKE,stock,"Nike, Inc.","Apparel, Accessories & Luxury Goods",USD,2024-07-10 17:26:07.399488,2024-07-10 17:26:07.399488
NI,stock,NiSource,Multi-Utilities,USD,2024-07-10 17:26:07.399488,2024-07-10 17:26:07.399488
NDSN,stock,Nordson Corporation,Industrial Machinery & Supplies & Components,USD,2024-07-10 17:26:07.399488,2024-07-10 17:26:07.399488
NSC,stock,Norfolk Southern Railway,Rail Transportation,USD,2024-07-10 17:26:07.399488,2024-07-10 17:26:07.399488
NTRS,stock,Northern Trust,Asset Management & Custody Banks,USD,2024-07-10 17:26:07.399488,2024-07-10 17:26:07.399488
NOC,stock,Northrop Grumman,Aerospace & Defense,USD,2024-07-10 17:26:07.399488,2024-07-10 17:26:07.399488
NCLH,stock,Norwegian Cruise Line Holdings,"Hotels, Resorts & Cruise Lines",USD,2024-07-10 17:26:07.399488,2024-07-10 17:26:07.399488
NRG,stock,NRG Energy,Independent Power Producers & Energy Traders,USD,2024-07-10 17:26:07.399488,2024-07-10 17:26:07.399488
NUE,stock,Nucor,Steel,USD,2024-07-10 17:26:07.399488,2024-07-10 17:26:07.399488
NVDA,stock,Nvidia,Semiconductors,USD,2024-07-10 17:26:07.399488,2024-07-10 17:26:07.399488
NVR,stock,"NVR, Inc.",Homebuilding,USD,2024-07-10 17:26:07.399488,2024-07-10 17:26:07.399488
NXPI,stock,NXP Semiconductors,Semiconductors,USD,2024-07-10 17:26:07.399488,2024-07-10 17:26:07.399488
ORLY,stock,O'Reilly Auto Parts,Automotive Retail,USD,2024-07-10 17:26:07.399488,2024-07-10 17:26:07.399488
OXY,stock,Occidental Petroleum,Oil & Gas Exploration & Production,USD,2024-07-10 17:26:07.399488,2024-07-10 17:26:07.399488
ODFL,stock,Old Dominion,Cargo Ground Transportation,USD,2024-07-10 17:26:07.399488,2024-07-10 17:26:07.399488
OMC,stock,Omnicom Group,Advertising,USD,2024-07-10 17:26:07.399488,2024-07-10 17:26:07.399488
ON,stock,ON Semiconductor,Semiconductors,USD,2024-07-10 17:26:07.399488,2024-07-10 17:26:07.399488
OKE,stock,ONEOK,Oil & Gas Storage & Transportation,USD,2024-07-10 17:26:07.399488,2024-07-10 17:26:07.399488
ORCL,stock,Oracle Corporation,Application Software,USD,2024-07-10 17:26:07.399488,2024-07-10 17:26:07.399488
OTIS,stock,Otis Worldwide,Industrial Machinery & Supplies & Components,USD,2024-07-10 17:26:07.399488,2024-07-10 17:26:07.399488
PCAR,stock,Paccar,Construction Machinery & Heavy Transportation Equipment,USD,2024-07-10 17:26:07.399488,2024-07-10 17:26:07.399488
PKG,stock,Packaging Corporation of America,Paper & Plastic Packaging Products & Materials,USD,2024-07-10 17:26:07.399488,2024-07-10 17:26:07.399488
PANW,stock,Palo Alto Networks,Systems Software,USD,2024-07-10 17:26:07.399488,2024-07-10 17:26:07.399488
PARA,stock,Paramount Global,Movies & Entertainment,USD,2024-07-10 17:26:07.399488,2024-07-10 17:26:07.399488
PH,stock,Parker Hannifin,Industrial Machinery & Supplies & Components,USD,2024-07-10 17:26:07.399488,2024-07-10 17:26:07.399488
PAYX,stock,Paychex,Human Resource & Employment Services,USD,2024-07-10 17:26:07.399488,2024-07-10 17:26:07.399488
PAYC,stock,Paycom,Human Resource & Employment Services,USD,2024-07-10 17:26:07.399488,2024-07-10 17:26:07.399488
PYPL,stock,PayPal,Transaction & Payment Processing Services,USD,2024-07-10 17:26:07.399488,2024-07-10 17:26:07.399488
PNR,stock,Pentair,Industrial Machinery & Supplies & Components,USD,2024-07-10 17:26:07.399488,2024-07-10 17:26:07.399488
PEP,stock,PepsiCo,Soft Drinks & Non-alcoholic Beverages,USD,2024-07-10 17:26:07.399488,2024-07-10 17:26:07.399488
PFE,stock,Pfizer,Pharmaceuticals,USD,2024-07-10 17:26:07.399488,2024-07-10 17:26:07.399488
PCG,stock,PG&E Corporation,Multi-Utilities,USD,2024-07-10 17:26:07.399488,2024-07-10 17:26:07.399488
PM,stock,Philip Morris International,Tobacco,USD,2024-07-10 17:26:07.399488,2024-07-10 17:26:07.399488
PSX,stock,Phillips 66,Oil & Gas Refining & Marketing,USD,2024-07-10 17:26:07.399488,2024-07-10 17:26:07.399488
PNW,stock,Pinnacle West,Multi-Utilities,USD,2024-07-10 17:26:07.399488,2024-07-10 17:26:07.399488
PNC,stock,PNC Financial Services,Regional Banks,USD,2024-07-10 17:26:07.399488,2024-07-10 17:26:07.399488
POOL,stock,Pool Corporation,Distributors,USD,2024-07-10 17:26:07.399488,2024-07-10 17:26:07.399488
PPG,stock,PPG Industries,Specialty Chemicals,USD,2024-07-10 17:26:07.399488,2024-07-10 17:26:07.399488
PPL,stock,PPL Corporation,Electric Utilities,USD,2024-07-10 17:26:07.399488,2024-07-10 17:26:07.399488
PFG,stock,Principal Financial Group,Life & Health Insurance,USD,2024-07-10 17:26:07.399488,2024-07-10 17:26:07.399488
PG,stock,Procter & Gamble,Personal Care Products,USD,2024-07-10 17:26:07.399488,2024-07-10 17:26:07.399488
PGR,stock,Progressive Corporation,Property & Casualty Insurance,USD,2024-07-10 17:26:07.399488,2024-07-10 17:26:07.399488
PLD,stock,Prologis,Industrial REITs,USD,2024-07-10 17:26:07.399488,2024-07-10 17:26:07.399488
PRU,stock,Prudential Financial,Life & Health Insurance,USD,2024-07-10 17:26:07.399488,2024-07-10 17:26:07.399488
PEG,stock,Public Service Enterprise Group,Electric Utilities,USD,2024-07-10 17:26:07.399488,2024-07-10 17:26:07.399488
PTC,stock,PTC,Application Software,USD,2024-07-10 17:26:07.399488,2024-07-10 17:26:07.399488
PSA,stock,Public Storage,Self-Storage REITs,USD,2024-07-10 17:26:07.399488,2024-07-10 17:26:07.399488
PHM,stock,PulteGroup,Homebuilding,USD,2024-07-10 17:26:07.399488,2024-07-10 17:26:07.399488
QRVO,stock,Qorvo,Semiconductors,USD,2024-07-10 17:26:07.399488,2024-07-10 17:26:07.399488
PWR,stock,Quanta Services,Construction & Engineering,USD,2024-07-10 17:26:07.399488,2024-07-10 17:26:07.399488
QCOM,stock,Qualcomm,Semiconductors,USD,2024-07-10 17:26:07.399488,2024-07-10 17:26:07.399488
DGX,stock,Quest Diagnostics,Health Care Services,USD,2024-07-10 17:26:07.399488,2024-07-10 17:26:07.399488
RL,stock,Ralph Lauren Corporation,"Apparel, Accessories & Luxury Goods",USD,2024-07-10 17:26:07.399488,2024-07-10 17:26:07.399488
RJF,stock,Raymond James,Investment Banking & Brokerage,USD,2024-07-10 17:26:07.399488,2024-07-10 17:26:07.399488
RTX,stock,RTX Corporation,Aerospace & Defense,USD,2024-07-10 17:26:07.399488,2024-07-10 17:26:07.399488
O,stock,Realty Income,Retail REITs,USD,2024-07-10 17:26:07.399488,2024-07-10 17:26:07.399488
REG,stock,Regency Centers,Retail REITs,USD,2024-07-10 17:26:07.399488,2024-07-10 17:26:07.399488
REGN,stock,Regeneron,Biotechnology,USD,2024-07-10 17:26:07.399488,2024-07-10 17:26:07.399488
RF,stock,Regions Financial Corporation,Regional Banks,USD,2024-07-10 17:26:07.399488,2024-07-10 17:26:07.399488
RSG,stock,Republic Services,Environmental & Facilities Services,USD,2024-07-10 17:26:07.399488,2024-07-10 17:26:07.399488
RMD,stock,ResMed,Health Care Equipment,USD,2024-07-10 17:26:07.399488,2024-07-10 17:26:07.399488
RVTY,stock,Revvity,Health Care Equipment,USD,2024-07-10 17:26:07.399488,2024-07-10 17:26:07.399488
ROK,stock,Rockwell Automation,Electrical Components & Equipment,USD,2024-07-10 17:26:07.399488,2024-07-10 17:26:07.399488
ROL,stock,"Rollins, Inc.",Environmental & Facilities Services,USD,2024-07-10 17:26:07.399488,2024-07-10 17:26:07.399488
ROP,stock,Roper Technologies,Electronic Equipment & Instruments,USD,2024-07-10 17:26:07.399488,2024-07-10 17:26:07.399488
ROST,stock,Ross Stores,Apparel Retail,USD,2024-07-10 17:26:07.399488,2024-07-10 17:26:07.399488
RCL,stock,Royal Caribbean Group,"Hotels, Resorts & Cruise Lines",USD,2024-07-10 17:26:07.399488,2024-07-10 17:26:07.399488
SPGI,stock,S&P Global,Financial Exchanges & Data,USD,2024-07-10 17:26:07.399488,2024-07-10 17:26:07.399488
CRM,stock,Salesforce,Application Software,USD,2024-07-10 17:26:07.399488,2024-07-10 17:26:07.399488
SBAC,stock,SBA Communications,Telecom Tower REITs,USD,2024-07-10 17:26:07.399488,2024-07-10 17:26:07.399488
SLB,stock,Schlumberger,Oil & Gas Equipment & Services,USD,2024-07-10 17:26:07.399488,2024-07-10 17:26:07.399488
STX,stock,Seagate Technology,"Technology Hardware, Storage & Peripherals",USD,2024-07-10 17:26:07.399488,2024-07-10 17:26:07.399488
SRE,stock,Sempra Energy,Multi-Utilities,USD,2024-07-10 17:26:07.399488,2024-07-10 17:26:07.399488
NOW,stock,ServiceNow,Systems Software,USD,2024-07-10 17:26:07.399488,2024-07-10 17:26:07.399488
SHW,stock,Sherwin-Williams,Specialty Chemicals,USD,2024-07-10 17:26:07.399488,2024-07-10 17:26:07.399488
SPG,stock,Simon Property Group,Retail REITs,USD,2024-07-10 17:26:07.399488,2024-07-10 17:26:07.399488
SWKS,stock,Skyworks Solutions,Semiconductors,USD,2024-07-10 17:26:07.399488,2024-07-10 17:26:07.399488
SJM,stock,J.M. Smucker Company (The),Packaged Foods & Meats,USD,2024-07-10 17:26:07.399488,2024-07-10 17:26:07.399488
SNA,stock,Snap-on,Industrial Machinery & Supplies & Components,USD,2024-07-10 17:26:07.399488,2024-07-10 17:26:07.399488
SOLV,stock,Solventum,Health Care Technology,USD,2024-07-10 17:26:07.399488,2024-07-10 17:26:07.399488
SO,stock,Southern Company,Electric Utilities,USD,2024-07-10 17:26:07.399488,2024-07-10 17:26:07.399488
LUV,stock,Southwest Airlines,Passenger Airlines,USD,2024-07-10 17:26:07.399488,2024-07-10 17:26:07.399488
SWK,stock,Stanley Black & Decker,Industrial Machinery & Supplies & Components,USD,2024-07-10 17:26:07.399488,2024-07-10 17:26:07.399488
SBUX,stock,Starbucks,Restaurants,USD,2024-07-10 17:26:07.399488,2024-07-10 17:26:07.399488
STT,stock,State Street Corporation,Asset Management & Custody Banks,USD,2024-07-10 17:26:07.399488,2024-07-10 17:26:07.399488
STLD,stock,Steel Dynamics,Steel,USD,2024-07-10 17:26:07.399488,2024-07-10 17:26:07.399488
STE,stock,Steris,Health Care Equipment,USD,2024-07-10 17:26:07.399488,2024-07-10 17:26:07.399488
SYK,stock,Stryker Corporation,Health Care Equipment,USD,2024-07-10 17:26:07.399488,2024-07-10 17:26:07.399488
SMCI,stock,Supermicro,"Technology Hardware, Storage & Peripherals",USD,2024-07-10 17:26:07.399488,2024-07-10 17:26:07.399488
SYF,stock,Synchrony Financial,Consumer Finance,USD,2024-07-10 17:26:07.399488,2024-07-10 17:26:07.399488
SNPS,stock,Synopsys,Application Software,USD,2024-07-10 17:26:07.399488,2024-07-10 17:26:07.399488
SYY,stock,Sysco,Food Distributors,USD,2024-07-10 17:26:07.399488,2024-07-10 17:26:07.399488
TMUS,stock,T-Mobile US,Wireless Telecommunication Services,USD,2024-07-10 17:26:07.399488,2024-07-10 17:26:07.399488
TROW,stock,T. Rowe Price,Asset Management & Custody Banks,USD,2024-07-10 17:26:07.399488,2024-07-10 17:26:07.399488
TTWO,stock,Take-Two Interactive,Interactive Home Entertainment,USD,2024-07-10 17:26:07.399488,2024-07-10 17:26:07.399488
TPR,stock,"Tapestry, Inc.","Apparel, Accessories & Luxury Goods",USD,2024-07-10 17:26:07.399488,2024-07-10 17:26:07.399488
TRGP,stock,Targa Resources,Oil & Gas Storage & Transportation,USD,2024-07-10 17:26:07.399488,2024-07-10 17:26:07.399488
TGT,stock,Target Corporation,Consumer Staples Merchandise Retail,USD,2024-07-10 17:26:07.399488,2024-07-10 17:26:07.399488
TEL,stock,TE Connectivity,Electronic Manufacturing Services,USD,2024-07-10 17:26:07.399488,2024-07-10 17:26:07.399488
TDY,stock,Teledyne Technologies,Electronic Equipment & Instruments,USD,2024-07-10 17:26:07.399488,2024-07-10 17:26:07.399488
TFX,stock,Teleflex,Health Care Equipment,USD,2024-07-10 17:26:07.399488,2024-07-10 17:26:07.399488
TER,stock,Teradyne,Semiconductor Materials & Equipment,USD,2024-07-10 17:26:07.399488,2024-07-10 17:26:07.399488
TSLA,stock,"Tesla, Inc.",Automobile Manufacturers,USD,2024-07-10 17:26:07.399488,2024-07-10 17:26:07.399488
TXN,stock,Texas Instruments,Semiconductors,USD,2024-07-10 17:26:07.399488,2024-07-10 17:26:07.399488
TXT,stock,Textron,Aerospace & Defense,USD,2024-07-10 17:26:07.399488,2024-07-10 17:26:07.399488
TMO,stock,Thermo Fisher Scientific,Life Sciences Tools & Services,USD,2024-07-10 17:26:07.399488,2024-07-10 17:26:07.399488
TJX,stock,TJX Companies,Apparel Retail,USD,2024-07-10 17:26:07.399488,2024-07-10 17:26:07.399488
TSCO,stock,Tractor Supply,Other Specialty Retail,USD,2024-07-10 17:26:07.399488,2024-07-10 17:26:07.399488
TT,stock,Trane Technologies,Building Products,USD,2024-07-10 17:26:07.399488,2024-07-10 17:26:07.399488
TDG,stock,TransDigm Group,Aerospace & Defense,USD,2024-07-10 17:26:07.399488,2024-07-10 17:26:07.399488
TRV,stock,Travelers Companies (The),Property & Casualty Insurance,USD,2024-07-10 17:26:07.399488,2024-07-10 17:26:07.399488
TRMB,stock,Trimble Inc.,Electronic Equipment & Instruments,USD,2024-07-10 17:26:07.399488,2024-07-10 17:26:07.399488
TFC,stock,Truist,Regional Banks,USD,2024-07-10 17:26:07.399488,2024-07-10 17:26:07.399488
TYL,stock,Tyler Technologies,Application Software,USD,2024-07-10 17:26:07.399488,2024-07-10 17:26:07.399488
TSN,stock,Tyson Foods,Packaged Foods & Meats,USD,2024-07-10 17:26:07.399488,2024-07-10 17:26:07.399488
USB,stock,U.S. Bank,Diversified Banks,USD,2024-07-10 17:26:07.399488,2024-07-10 17:26:07.399488
UBER,stock,Uber,Passenger Ground Transportation,USD,2024-07-10 17:26:07.399488,2024-07-10 17:26:07.399488
UDR,stock,"UDR, Inc.",Multi-Family Residential REITs,USD,2024-07-10 17:26:07.399488,2024-07-10 17:26:07.399488
ULTA,stock,Ulta Beauty,Other Specialty Retail,USD,2024-07-10 17:26:07.399488,2024-07-10 17:26:07.399488
UNP,stock,Union Pacific Corporation,Rail Transportation,USD,2024-07-10 17:26:07.399488,2024-07-10 17:26:07.399488
UAL,stock,United Airlines Holdings,Passenger Airlines,USD,2024-07-10 17:26:07.399488,2024-07-10 17:26:07.399488
UPS,stock,United Parcel Service,Air Freight & Logistics,USD,2024-07-10 17:26:07.399488,2024-07-10 17:26:07.399488
URI,stock,United Rentals,Trading Companies & Distributors,USD,2024-07-10 17:26:07.399488,2024-07-10 17:26:07.399488
UNH,stock,UnitedHealth Group,Managed Health Care,USD,2024-07-10 17:26:07.399488,2024-07-10 17:26:07.399488
UHS,stock,Universal Health Services,Health Care Facilities,USD,2024-07-10 17:26:07.399488,2024-07-10 17:26:07.399488
VLO,stock,Valero Energy,Oil & Gas Refining & Marketing,USD,2024-07-10 17:26:07.399488,2024-07-10 17:26:07.399488
VTR,stock,Ventas,Health Care REITs,USD,2024-07-10 17:26:07.399488,2024-07-10 17:26:07.399488
VLTO,stock,Veralto,Environmental & Facilities Services,USD,2024-07-10 17:26:07.399488,2024-07-10 17:26:07.399488
VRSN,stock,Verisign,Internet Services & Infrastructure,USD,2024-07-10 17:26:07.399488,2024-07-10 17:26:07.399488
VRSK,stock,Verisk,Research & Consulting Services,USD,2024-07-10 17:26:07.399488,2024-07-10 17:26:07.399488
VZ,stock,Verizon,Integrated Telecommunication Services,USD,2024-07-10 17:26:07.399488,2024-07-10 17:26:07.399488
VRTX,stock,Vertex Pharmaceuticals,Biotechnology,USD,2024-07-10 17:26:07.399488,2024-07-10 17:26:07.399488
VTRS,stock,Viatris,Pharmaceuticals,USD,2024-07-10 17:26:07.399488,2024-07-10 17:26:07.399488
VICI,stock,Vici Properties,Hotel & Resort REITs,USD,2024-07-10 17:26:07.399488,2024-07-10 17:26:07.399488
V,stock,Visa Inc.,Transaction & Payment Processing Services,USD,2024-07-10 17:26:07.399488,2024-07-10 17:26:07.399488
VST,stock,Vistra,Electric Utilities,USD,2024-07-10 17:26:07.399488,2024-07-10 17:26:07.399488
VMC,stock,Vulcan Materials Company,Construction Materials,USD,2024-07-10 17:26:07.399488,2024-07-10 17:26:07.399488
WRB,stock,W. R. Berkley Corporation,Property & Casualty Insurance,USD,2024-07-10 17:26:07.399488,2024-07-10 17:26:07.399488
GWW,stock,W. W. Grainger,Industrial Machinery & Supplies & Components,USD,2024-07-10 17:26:07.399488,2024-07-10 17:26:07.399488
WAB,stock,Wabtec,Construction Machinery & Heavy Transportation Equipment,USD,2024-07-10 17:26:07.399488,2024-07-10 17:26:07.399488
WBA,stock,Walgreens Boots Alliance,Drug Retail,USD,2024-07-10 17:26:07.399488,2024-07-10 17:26:07.399488
WMT,stock,Walmart,Consumer Staples Merchandise Retail,USD,2024-07-10 17:26:07.399488,2024-07-10 17:26:07.399488
DIS,stock,Walt Disney Company (The),Movies & Entertainment,USD,2024-07-10 17:26:07.399488,2024-07-10 17:26:07.399488
WBD,stock,Warner Bros. Discovery,Broadcasting,USD,2024-07-10 17:26:07.399488,2024-07-10 17:26:07.399488
WM,stock,Waste Management,Environmental & Facilities Services,USD,2024-07-10 17:26:07.399488,2024-07-10 17:26:07.399488
WAT,stock,Waters Corporation,Life Sciences Tools & Services,USD,2024-07-10 17:26:07.399488,2024-07-10 17:26:07.399488
WEC,stock,WEC Energy Group,Electric Utilities,USD,2024-07-10 17:26:07.399488,2024-07-10 17:26:07.399488
WFC,stock,Wells Fargo,Diversified Banks,USD,2024-07-10 17:26:07.399488,2024-07-10 17:26:07.399488
WELL,stock,Welltower,Health Care REITs,USD,2024-07-10 17:26:07.399488,2024-07-10 17:26:07.399488
WST,stock,West Pharmaceutical Services,Health Care Supplies,USD,2024-07-10 17:26:07.399488,2024-07-10 17:26:07.399488
WDC,stock,Western Digital,"Technology Hardware, Storage & Peripherals",USD,2024-07-10 17:26:07.399488,2024-07-10 17:26:07.399488
WY,stock,Weyerhaeuser,Timber REITs,USD,2024-07-10 17:26:07.399488,2024-07-10 17:26:07.399488
WMB,stock,Williams Companies,Oil & Gas Storage & Transportation,USD,2024-07-10 17:26:07.399488,2024-07-10 17:26:07.399488
WTW,stock,Willis Towers Watson,Insurance Brokers,USD,2024-07-10 17:26:07.399488,2024-07-10 17:26:07.399488
WYNN,stock,Wynn Resorts,Casinos & Gaming,USD,2024-07-10 17:26:07.399488,2024-07-10 17:26:07.399488
XEL,stock,Xcel Energy,Multi-Utilities,USD,2024-07-10 17:26:07.399488,2024-07-10 17:26:07.399488
XYL,stock,Xylem Inc.,Industrial Machinery & Supplies & Components,USD,2024-07-10 17:26:07.399488,2024-07-10 17:26:07.399488
YUM,stock,Yum! Brands,Restaurants,USD,2024-07-10 17:26:07.399488,2024-07-10 17:26:07.399488
ZBRA,stock,Zebra Technologies,Electronic Equipment & Instruments,USD,2024-07-10 17:26:07.399488,2024-07-10 17:26:07.399488
ZBH,stock,Zimmer Biomet,Health Care Equipment,USD,2024-07-10 17:26:07.399488,2024-07-10 17:26:07.399488
ZTS,stock,Zoetis,Pharmaceuticals,USD,2024-07-10 17:26:07.399488,2024-07-10 17:26:07.399488
